#,Name,Address,Salary
1,Hettie Adamkiewicz,03 Fallview Parkway,2680
2,Gilemette Kennham,50 Buell Lane,8916
3,Tuesday McKimmey,21 Melvin Alley,8278
4,Prentiss Batrick,7 Westridge Parkway,8755
5,Davine Bartosiak,4692 Bayside Center,9408
6,Renard Stearnes,4863 Springs Center,3709
7,Dalila Edwardson,301 Fallview Crossing,7991
8,Domenico Hudspith,64 Dahle Drive,1861
9,Marylin Tripon,7443 Bonner Junction,9534
10,Hinze Olyonov,03 Duke Place,7090
11,Celle Stratley,608 Fairfield Street,3934
12,Reuven Cartwright,0 Bay Parkway,7454
13,Sheilakathryn D'Antonio,11564 Hoard Drive,3207
14,Irita Rawll,463 Longview Road,2776
15,Jobyna Jermy,9 Ridgeway Point,2806
16,Pavlov McFetridge,65 Upham Alley,1836
17,Thaddus Izon,99 Morningstar Place,1307
18,Pernell Errey,3 Delaware Way,7463
19,Aharon Wakerley,5776 Ridge Oak Junction,3943
20,Jodi Tassell,95 Bobwhite Avenue,1971
21,Byrle Beckley,36 Pearson Terrace,1734
22,Glory Jesse,93 Paget Drive,8030
23,Hall Petrozzi,21 Maryland Street,7550
24,Markus Blucher,4653 Roxbury Crossing,6692
25,Hermine Prangnell,07 Prentice Avenue,3268
26,Anne-marie Bewly,734 Ridgeview Point,4460
27,Deck Champain,8 Magdeline Lane,5551
28,Florina Ferraro,74847 Holy Cross Alley,1248
29,Kellsie Iglesias,72299 Vermont Hill,2570
30,Constantine Tully,0 Schurz Crossing,7645
31,Jimmy Baus,4 Brickson Park Circle,4298
32,Maggee Mundwell,455 Chive Lane,4663
33,Sherwin John,25919 Carberry Parkway,5976
34,Riki Kopelman,9115 Dovetail Terrace,4321
35,Morgan World,5 Laurel Road,3833
36,Read Boater,4 Bartillon Way,8097
37,Karyl Mabson,45149 Holy Cross Street,8384
38,Serene Brickdale,47 Little Fleur Point,5135
39,Lauren Harle,47 Stuart Terrace,7957
40,Stepha Cumberpatch,82153 Stone Corner Trail,5844
41,Pembroke Kittoe,5475 Reinke Center,8459
42,Leia Milby,55053 Milwaukee Way,9831
43,Sherrie Woollons,7893 Basil Trail,5286
44,Vernice Yeell,0 Pennsylvania Junction,3549
45,Bank Towers,1336 Lawn Way,4708
46,Kendall Sinderland,24258 Del Sol Way,4168
47,Guillema Goodlet,608 Dakota Lane,2146
48,Alair Pavlovsky,8 Daystar Alley,3766
49,Joyce Mottinelli,567 Porter Street,6626
50,Karil Cowsby,00 Florence Avenue,9455
